{
  "run_id": "1757437296",
  "started": "2025-09-09 19:01:36",
  "paper_id": "test",
  "modality": "imaging",
  "dataset_key": "mpox_images",
  "model": {
    "name": "logisticregression",
    "params": {
      "max_iter": 200,
      "n_jobs": -1
    }
  },
  "synth": {
    "enabled": false,
    "applied": false
  },
  "metrics": {
    "acc": 0.574468085106383,
    "f1": 0.5454545454545454,
    "f1_ci": [
      0.35888888888888887,
      0.72
    ],
    "threshold": 0.002615932037316057,
    "f1_tuned": 0.6268656716417911,
    "f1_tuned_ci": [
      0.4838709677419355,
      0.7567567567567568
    ]
  },
  "data_snapshot": {
    "n_images_train": 181,
    "n_images_val": 47,
    "img_size": 224,
    "train_counts_before": {
      "0": 100,
      "1": 81
    },
    "train_counts_after": {
      "0": 100,
      "1": 81
    }
  },
  "tuning": {
    "tune_enabled": false
  },
  "config_name": "imaging_baseline.yaml",
  "xai": {
    "enabled": false
  }
}