{
  "run_id": "1756984572",
  "started": "2025-09-04 13:16:12",
  "paper_id": "Farzipour_2023",
  "modality": "tabular",
  "dataset_key": "symptom_farzipour",
  "model": {
    "name": "xgboost",
    "params": {
      "n_estimators": 300,
      "max_depth": 4,
      "learning_rate": 0.08
    }
  },
  "synth": {
    "enabled": true,
    "minority_multiplier": 2.0
  },
  "metrics": {
    "acc": 0.8867924528301887,
    "f1": 0.9387755102040817,
    "f1_ci": [
      0.8842105263157894,
      0.9807692307692307
    ],
    "threshold": 0.3710886240005493,
    "f1_tuned": 0.9494949494949495,
    "f1_tuned_ci": [
      0.8958333333333334,
      0.9902912621359223
    ]
  },
  "tuning": {
    "tune_enabled": true,
    "method": "grid",
    "cv": 5,
    "scoring": "f1",
    "best_params": {
      "colsample_bytree": 0.7,
      "learning_rate": 0.1,
      "max_depth": 3,
      "min_child_weight": 1,
      "n_estimators": 500,
      "subsample": 0.9
    },
    "best_score_cv": 0.9703413872942429
  }
}