{
  "run_id": "1757437305",
  "started": "2025-09-09 19:01:45",
  "paper_id": "test",
  "modality": "imaging",
  "dataset_key": "mpox_images",
  "model": {
    "name": "logisticregression",
    "params": {
      "max_iter": 200,
      "n_jobs": -1
    }
  },
  "synth": {
    "enabled": true,
    "balance_to_max": true,
    "applied": true
  },
  "metrics": {
    "acc": 0.5957446808510638,
    "f1": 0.5581395348837209,
    "f1_ci": [
      0.36351981351981355,
      0.718
    ],
    "threshold": 0.1466153338942873,
    "f1_tuned": 0.6181818181818182,
    "f1_tuned_ci": [
      0.4489795918367347,
      0.7576018808777429
    ]
  },
  "data_snapshot": {
    "n_images_train": 181,
    "n_images_val": 47,
    "img_size": 224,
    "train_counts_before": {
      "0": 100,
      "1": 81
    },
    "train_counts_after": {
      "0": 100,
      "1": 100
    }
  },
  "tuning": {
    "tune_enabled": false
  },
  "config_name": "imaging_genai.yaml",
  "xai": {
    "enabled": false
  }
}