task,baseline_acc,genai_acc,delta_acc,baseline_f1,genai_f1,delta_f1,baseline_ReproScore,genai_ReproScore,delta_ReproScore
imaging,0.5957446808510638,0.574468085106383,-0.02127659574468077,0.5777777777777777,0.6,0.022222222222222254,1.0,1.0,0.0
