{
  "run_id": "1757023903",
  "started": "2025-09-05 00:11:43",
  "paper_id": "test",
  "modality": "imaging",
  "dataset_key": "mpox_images",
  "model": {
    "name": "logisticregression",
    "params": {
      "max_iter": 200,
      "n_jobs": -1
    }
  },
  "synth": {
    "enabled": false,
    "applied": false
  },
  "metrics": {
    "acc": 0.5957446808510638,
    "f1": 0.5777777777777777,
    "f1_ci": [
      0.3902439024390244,
      0.7408496732026142
    ],
    "threshold": 0.004560169731889629,
    "f1_tuned": 0.6363636363636364,
    "f1_tuned_ci": [
      0.4838709677419355,
      0.7671232876712328
    ]
  },
  "data_snapshot": {
    "n_images_train": 181,
    "n_images_val": 47,
    "img_size": 128,
    "train_counts_before": {
      "0": 100,
      "1": 81
    },
    "train_counts_after": {
      "0": 100,
      "1": 81
    }
  },
  "tuning": {
    "tune_enabled": false
  },
  "config_name": "imaging_baseline.yaml",
  "xai": {
    "enabled": false
  }
}